{
	"max" : 3.11715,
	"max_date" : "25-Aug-2015 00:00:00",
	"min" : 0.812953,
	"std" : 0.689167,
	"mean" : 1.73371,
	"slope" : -0.000802083
	}
